Player,Week,comp_ma,att_ma,pct_ma,yds_ma,yds/att_ma,td_ma,int_ma,qb rating_ma,rush_att_ma,rush_yds_ma,rush_yd/att_ma,rush_td_ma,fantasy points_ma
Aaron Rodgers,1,0.0,0.0,0.0,0.0,0.0,0.0,0.0,0.0,0.0,0.0,0.0,0.0,0.0
Aaron Rodgers,2,0.0,0.0,0.0,0.0,0.0,0.0,0.0,0.0,0.0,0.0,0.0,0.0,0.0
Aaron Rodgers,3,0.0,0.0,0.0,0.0,0.0,0.0,0.0,0.0,0.0,0.0,0.0,0.0,0.0
Aaron Rodgers,4,31.0,41.0,76.0,319.0,8.0,4.0,1.0,120.0,5.0,13.0,3.0,0.0,28.06
Aaron Rodgers,5,20.0,32.0,63.0,235.0,7.0,3.0,1.0,103.0,5.0,57.0,11.0,0.0,25.1
Aaron Rodgers,6,24.0,37.0,65.0,338.0,9.0,6.0,0.0,134.0,2.0,17.0,9.0,0.0,39.22
Aaron Rodgers,7,30.0,37.0,81.0,342.0,9.0,3.0,0.0,132.0,2.0,0.0,0.0,0.0,25.68
Aaron Rodgers,8,22.0,35.0,63.0,186.0,5.0,2.0,0.0,96.0,3.0,4.0,1.0,0.0,13.84
Aaron Rodgers,9,14.0,30.0,47.0,218.0,7.0,4.0,1.0,97.0,8.0,33.0,4.0,0.0,26.02
Aaron Rodgers,11,19.0,27.0,70.0,236.0,9.0,2.0,1.0,106.0,1.0,3.0,3.0,0.0,15.74
Aaron Rodgers,12,14.0,25.0,56.0,219.0,9.0,1.0,1.0,82.0,3.0,22.0,7.0,0.0,10.96
Aaron Rodgers,13,27.0,35.0,77.0,286.0,8.0,1.0,1.0,98.0,4.0,15.0,4.0,0.0,14.94
Aaron Rodgers,14,14.0,24.0,58.0,173.0,7.0,0.0,0.0,81.0,3.0,32.0,11.0,1.0,14.12
Aaron Rodgers,15,23.0,36.0,64.0,291.0,8.0,3.0,0.0,117.0,4.0,14.0,4.0,0.0,25.94
Aaron Rodgers,16,27.0,38.0,71.0,342.0,9.0,3.0,0.0,125.0,4.0,11.0,3.0,1.0,32.78
Aaron Rodgers,17,28.0,40.0,70.0,365.0,9.0,4.0,0.0,132.0,0.0,0.0,0.0,0.0,28.6
Alex Smith,1,0.0,0.0,0.0,0.0,0.0,0.0,0.0,0.0,0.0,0.0,0.0,0.0,0.0
Alex Smith,2,0.0,0.0,0.0,0.0,0.0,0.0,0.0,0.0,0.0,0.0,0.0,0.0,0.0
Alex Smith,3,0.0,0.0,0.0,0.0,0.0,0.0,0.0,0.0,0.0,0.0,0.0,0.0,0.0
Alex Smith,4,12.0,21.0,57.0,143.0,7.0,0.0,0.0,78.0,3.0,12.0,4.0,0.0,6.92
Alex Smith,5,18.0,24.0,75.0,303.0,13.0,3.0,0.0,156.0,3.0,49.0,16.0,0.0,29.02
Alex Smith,6,19.0,30.0,63.0,200.0,7.0,0.0,3.0,43.0,2.0,5.0,3.0,0.0,2.5
Alex Smith,7,14.0,23.0,61.0,140.0,6.0,1.0,1.0,75.0,5.0,11.0,2.0,0.0,8.7
Alex Smith,8,18.0,19.0,95.0,232.0,12.0,3.0,0.0,157.0,1.0,6.0,6.0,0.0,21.88
Alex Smith,10,7.0,8.0,88.0,72.0,9.0,1.0,0.0,144.0,2.0,5.0,3.0,0.0,7.38
Alex Smith,11,0.0,0.0,0.0,0.0,0.0,0.0,0.0,0.0,0.0,0.0,0.0,0.0,0.0
Alex Smith,12,0.0,0.0,0.0,0.0,0.0,0.0,0.0,0.0,0.0,0.0,0.0,0.0,0.0
Alex Smith,13,0.0,0.0,0.0,0.0,0.0,0.0,0.0,0.0,0.0,0.0,0.0,0.0,0.0
Alex Smith,14,0.0,0.0,0.0,0.0,0.0,0.0,0.0,0.0,0.0,0.0,0.0,0.0,0.0
Alex Smith,15,0.0,0.0,0.0,0.0,0.0,0.0,0.0,0.0,0.0,0.0,0.0,0.0,0.0
Alex Smith,16,0.0,0.0,0.0,0.0,0.0,0.0,0.0,0.0,0.0,0.0,0.0,0.0,0.0
Alex Smith,17,1.0,1.0,100.0,6.0,6.0,0.0,0.0,92.0,2.0,-2.0,-1.0,0.0,0.04
Andrew Luck,1,0.0,0.0,0.0,0.0,0.0,0.0,0.0,0.0,0.0,0.0,0.0,0.0,0.0
Andrew Luck,2,0.0,0.0,0.0,0.0,0.0,0.0,0.0,0.0,0.0,0.0,0.0,0.0,0.0
Andrew Luck,3,0.0,0.0,0.0,0.0,0.0,0.0,0.0,0.0,0.0,0.0,0.0,0.0,0.0
Andrew Luck,5,31.0,55.0,56.0,362.0,7.0,2.0,1.0,81.0,6.0,24.0,4.0,1.0,28.88
Andrew Luck,6,22.0,44.0,50.0,280.0,6.0,0.0,2.0,51.0,1.0,-1.0,-1.0,0.0,5.1
Andrew Luck,7,16.0,29.0,55.0,186.0,6.0,0.0,0.0,75.0,3.0,12.0,4.0,2.0,18.64
Andrew Luck,8,26.0,38.0,68.0,297.0,8.0,1.0,1.0,89.0,6.0,28.0,5.0,0.0,16.68
Andrew Luck,9,30.0,48.0,63.0,433.0,9.0,2.0,0.0,106.0,1.0,5.0,5.0,0.0,25.82
Andrew Luck,10,18.0,26.0,69.0,227.0,9.0,0.0,1.0,80.0,7.0,11.0,2.0,2.0,18.18
Andrew Luck,11,27.0,50.0,54.0,334.0,7.0,2.0,3.0,63.0,1.0,4.0,4.0,0.0,13.76
Andrew Luck,12,20.0,37.0,54.0,240.0,7.0,1.0,1.0,72.0,6.0,20.0,3.0,0.0,13.6
Andrew Luck,13,24.0,54.0,44.0,391.0,7.0,4.0,3.0,71.0,3.0,33.0,11.0,0.0,28.94
Andrew Luck,14,16.0,34.0,47.0,196.0,6.0,1.0,2.0,51.0,5.0,7.0,1.0,0.0,8.54
Andrew Luck,15,13.0,27.0,48.0,186.0,7.0,2.0,0.0,96.0,2.0,10.0,5.0,0.0,16.44
Andrew Luck,16,17.0,35.0,49.0,205.0,6.0,1.0,0.0,76.0,6.0,21.0,4.0,0.0,14.3
Andrew Luck,17,14.0,28.0,50.0,191.0,7.0,2.0,0.0,96.0,5.0,1.0,0.0,0.0,15.74
Andy Dalton,1,0.0,0.0,0.0,0.0,0.0,0.0,0.0,0.0,0.0,0.0,0.0,0.0,0.0
Andy Dalton,2,0.0,0.0,0.0,0.0,0.0,0.0,0.0,0.0,0.0,0.0,0.0,0.0,0.0
Andy Dalton,3,0.0,0.0,0.0,0.0,0.0,0.0,0.0,0.0,0.0,0.0,0.0,0.0,0.0
Andy Dalton,4,20.0,31.0,65.0,244.0,8.0,2.0,1.0,97.0,6.0,5.0,1.0,1.0,22.26
Andy Dalton,5,26.0,43.0,61.0,234.0,5.0,1.0,2.0,64.0,4.0,21.0,5.0,0.0,11.46
Andy Dalton,6,31.0,46.0,67.0,381.0,8.0,3.0,3.0,87.0,2.0,5.0,3.0,0.0,19.74
Andy Dalton,7,14.0,28.0,50.0,105.0,4.0,1.0,1.0,56.0,1.0,-1.0,-1.0,0.0,6.1
Andy Dalton,9,26.0,42.0,62.0,299.0,7.0,1.0,1.0,81.0,2.0,16.0,8.0,0.0,15.56
Andy Dalton,10,21.0,30.0,70.0,199.0,7.0,4.0,0.0,128.0,2.0,-2.0,-1.0,0.0,23.76
Andy Dalton,11,18.0,29.0,62.0,230.0,8.0,2.0,0.0,110.0,3.0,13.0,4.0,1.0,24.5
Andy Dalton,12,16.0,30.0,53.0,210.0,7.0,3.0,0.0,109.0,4.0,5.0,1.0,0.0,20.9
Andy Dalton,13,25.0,38.0,66.0,211.0,6.0,1.0,2.0,67.0,4.0,5.0,1.0,1.0,14.94
Andy Dalton,14,20.0,33.0,61.0,206.0,6.0,1.0,1.0,76.0,1.0,0.0,0.0,0.0,10.24
Andy Dalton,15,13.0,27.0,48.0,127.0,5.0,1.0,0.0,74.0,8.0,18.0,2.0,1.0,12.88
Andy Dalton,16,24.0,41.0,59.0,278.0,7.0,0.0,2.0,59.0,0.0,0.0,0.0,0.0,7.12
Andy Dalton,17,10.0,15.0,67.0,78.0,5.0,1.0,0.0,102.0,2.0,4.0,2.0,0.0,7.52
Ben Roethlisberger,1,0.0,0.0,0.0,0.0,0.0,0.0,0.0,0.0,0.0,0.0,0.0,0.0,0.0
Ben Roethlisberger,2,0.0,0.0,0.0,0.0,0.0,0.0,0.0,0.0,0.0,0.0,0.0,0.0,0.0
Ben Roethlisberger,3,0.0,0.0,0.0,0.0,0.0,0.0,0.0,0.0,0.0,0.0,0.0,0.0,0.0
Ben Roethlisberger,5,22.0,38.0,58.0,220.0,6.0,1.0,0.0,83.0,3.0,14.0,5.0,0.0,14.2
Ben Roethlisberger,6,24.0,40.0,60.0,363.0,9.0,1.0,1.0,88.0,1.0,14.0,14.0,0.0,17.92
Ben Roethlisberger,7,27.0,37.0,73.0,278.0,8.0,1.0,1.0,92.0,1.0,-1.0,-1.0,0.0,13.02
Ben Roethlisberger,8,24.0,33.0,73.0,222.0,7.0,3.0,0.0,121.0,2.0,6.0,3.0,0.0,21.48
Ben Roethlisberger,9,21.0,30.0,70.0,216.0,7.0,2.0,1.0,99.0,4.0,-1.0,0.0,0.0,12.54
Ben Roethlisberger,10,9.0,18.0,50.0,84.0,5.0,1.0,0.0,82.0,1.0,14.0,14.0,0.0,8.76
Ben Roethlisberger,14,22.0,42.0,52.0,285.0,7.0,3.0,1.0,88.0,5.0,31.0,6.0,0.0,22.5
Ben Roethlisberger,15,24.0,40.0,60.0,339.0,9.0,2.0,1.0,94.0,2.0,2.0,1.0,0.0,19.76
Ben Roethlisberger,16,14.0,28.0,50.0,220.0,8.0,1.0,2.0,59.0,2.0,3.0,2.0,0.0,9.1
Ben Roethlisberger,17,15.0,23.0,65.0,134.0,6.0,3.0,0.0,120.0,2.0,-2.0,-1.0,0.0,17.16
Blaine Gabbert,1,0.0,0.0,0.0,0.0,0.0,0.0,0.0,0.0,0.0,0.0,0.0,0.0,0.0
Blaine Gabbert,2,0.0,0.0,0.0,0.0,0.0,0.0,0.0,0.0,0.0,0.0,0.0,0.0,0.0
Blaine Gabbert,3,0.0,0.0,0.0,0.0,0.0,0.0,0.0,0.0,0.0,0.0,0.0,0.0,0.0
Blaine Gabbert,4,23.0,34.0,68.0,186.0,6.0,1.0,1.0,79.0,3.0,19.0,6.0,0.0,11.34
Blaine Gabbert,5,17.0,33.0,52.0,142.0,4.0,0.0,2.0,38.0,2.0,1.0,1.0,0.0,-0.22
Blaine Gabbert,7,8.0,12.0,67.0,110.0,9.0,1.0,0.0,124.0,0.0,0.0,0.0,0.0,8.4
Blaine Gabbert,8,27.0,49.0,55.0,303.0,6.0,1.0,0.0,81.0,1.0,0.0,0.0,0.0,16.12
Blaine Gabbert,9,27.0,38.0,71.0,220.0,6.0,2.0,2.0,81.0,3.0,4.0,1.0,0.0,15.2
Blaine Gabbert,10,18.0,31.0,58.0,209.0,7.0,0.0,1.0,65.0,1.0,10.0,10.0,0.0,7.36
Blaine Gabbert,11,2.0,2.0,100.0,24.0,12.0,0.0,0.0,117.0,0.0,0.0,0.0,0.0,-1.04
Brady Quinn,5,2.0,2.0,100.0,32.0,16.0,0.0,0.0,119.0,0.0,0.0,0.0,0.0,1.28
Brady Quinn,6,22.0,38.0,58.0,180.0,5.0,0.0,2.0,48.0,2.0,11.0,6.0,0.0,4.3
Brady Quinn,8,2.0,4.0,50.0,1.0,0.0,0.0,1.0,17.0,2.0,18.0,9.0,0.0,-0.16
Brady Quinn,11,9.0,14.0,64.0,95.0,7.0,0.0,0.0,84.0,3.0,7.0,2.0,0.0,4.5
Brady Quinn,12,13.0,25.0,52.0,126.0,5.0,0.0,1.0,50.0,1.0,-1.0,-1.0,0.0,2.94
Brady Quinn,13,19.0,23.0,83.0,201.0,9.0,2.0,0.0,132.0,3.0,12.0,4.0,0.0,17.24
Brady Quinn,14,10.0,21.0,48.0,159.0,8.0,0.0,1.0,53.0,1.0,4.0,4.0,0.0,4.76
Brady Quinn,15,18.0,32.0,56.0,136.0,4.0,0.0,1.0,54.0,0.0,0.0,0.0,0.0,3.44
Brady Quinn,16,10.0,22.0,46.0,162.0,7.0,0.0,2.0,33.0,5.0,11.0,2.0,0.0,3.58
Brady Quinn,17,7.0,16.0,44.0,49.0,3.0,0.0,0.0,51.0,2.0,4.0,2.0,0.0,2.36
Brandon Weeden,1,0.0,0.0,0.0,0.0,0.0,0.0,0.0,0.0,0.0,0.0,0.0,0.0,0.0
Brandon Weeden,2,0.0,0.0,0.0,0.0,0.0,0.0,0.0,0.0,0.0,0.0,0.0,0.0,0.0
Brandon Weeden,3,0.0,0.0,0.0,0.0,0.0,0.0,0.0,0.0,0.0,0.0,0.0,0.0,0.0
Brandon Weeden,4,25.0,52.0,48.0,320.0,6.0,0.0,1.0,60.0,0.0,0.0,0.0,0.0,10.8
Brandon Weeden,5,22.0,35.0,63.0,291.0,8.0,2.0,2.0,84.0,1.0,2.0,2.0,0.0,15.84
Brandon Weeden,6,17.0,29.0,59.0,231.0,8.0,2.0,1.0,93.0,3.0,3.0,1.0,0.0,15.54
Brandon Weeden,7,25.0,41.0,61.0,264.0,6.0,2.0,0.0,96.0,1.0,13.0,13.0,0.0,18.96
Brandon Weeden,8,11.0,27.0,41.0,129.0,5.0,0.0,0.0,56.0,4.0,4.0,1.0,0.0,5.56
Brandon Weeden,9,20.0,37.0,54.0,176.0,5.0,0.0,2.0,44.0,2.0,11.0,6.0,0.0,4.14
Brandon Weeden,11,20.0,35.0,57.0,210.0,6.0,2.0,0.0,94.0,0.0,0.0,0.0,0.0,14.4
Brandon Weeden,12,17.0,26.0,65.0,158.0,6.0,1.0,1.0,79.0,2.0,8.0,4.0,0.0,9.12
Brandon Weeden,13,25.0,36.0,69.0,364.0,10.0,1.0,2.0,88.0,5.0,11.0,2.0,0.0,15.66
Brandon Weeden,14,17.0,30.0,57.0,217.0,7.0,0.0,0.0,79.0,1.0,15.0,15.0,0.0,10.18
Brandon Weeden,15,21.0,35.0,60.0,244.0,7.0,1.0,2.0,67.0,1.0,9.0,9.0,0.0,10.66
Brandon Weeden,16,12.0,19.0,63.0,104.0,6.0,0.0,0.0,78.0,3.0,4.0,1.0,0.0,4.56
Brian Hoyer,16,11.0,19.0,58.0,105.0,6.0,0.0,1.0,51.0,0.0,0.0,0.0,0.0,2.2
Brian Hoyer,17,19.0,34.0,56.0,225.0,7.0,1.0,1.0,74.0,1.0,6.0,6.0,0.0,11.6
Brock Osweiler,4,0.0,0.0,0.0,0.0,0.0,0.0,0.0,0.0,1.0,-1.0,-1.0,0.0,-0.1
Brock Osweiler,8,0.0,0.0,0.0,0.0,0.0,0.0,0.0,0.0,1.0,-1.0,-1.0,0.0,-0.1
Brock Osweiler,15,0.0,0.0,0.0,0.0,0.0,0.0,0.0,0.0,2.0,-4.0,-2.0,0.0,-0.4
Brock Osweiler,16,0.0,0.0,0.0,0.0,0.0,0.0,0.0,0.0,1.0,-1.0,-1.0,0.0,-0.1
Brock Osweiler,17,2.0,4.0,50.0,12.0,3.0,0.0,0.0,56.0,3.0,-6.0,-2.0,0.0,-0.12
Bruce Gradkowski,1,0.0,0.0,0.0,0.0,0.0,0.0,0.0,0.0,0.0,0.0,0.0,0.0,0.0
Bruce Gradkowski,17,5.0,11.0,46.0,65.0,6.0,0.0,0.0,65.0,3.0,-2.0,-1.0,0.0,2.4
Byron Leftwich,10,7.0,14.0,50.0,73.0,5.0,0.0,0.0,65.0,0.0,0.0,0.0,0.0,2.92
Byron Leftwich,11,18.0,39.0,46.0,199.0,5.0,0.0,1.0,51.0,1.0,31.0,31.0,1.0,15.06
Cam Newton,1,0.0,0.0,0.0,0.0,0.0,0.0,0.0,0.0,0.0,0.0,0.0,0.0,0.0
Cam Newton,2,0.0,0.0,0.0,0.0,0.0,0.0,0.0,0.0,0.0,0.0,0.0,0.0,0.0
Cam Newton,3,0.0,0.0,0.0,0.0,0.0,0.0,0.0,0.0,0.0,0.0,0.0,0.0,0.0
Cam Newton,4,15.0,24.0,63.0,215.0,9.0,2.0,0.0,119.0,9.0,86.0,10.0,1.0,31.2
Cam Newton,5,12.0,29.0,41.0,141.0,5.0,0.0,0.0,57.0,7.0,42.0,6.0,0.0,7.84
Cam Newton,7,21.0,37.0,57.0,233.0,6.0,1.0,1.0,73.0,6.0,64.0,11.0,0.0,16.32
Cam Newton,8,20.0,39.0,51.0,314.0,8.0,0.0,2.0,57.0,5.0,37.0,7.0,0.0,12.26
Cam Newton,9,13.0,23.0,57.0,201.0,9.0,1.0,0.0,100.0,8.0,37.0,5.0,1.0,21.74
Cam Newton,10,21.0,36.0,58.0,241.0,7.0,2.0,2.0,74.0,4.0,7.0,2.0,0.0,14.34
Cam Newton,11,16.0,29.0,55.0,252.0,9.0,1.0,0.0,96.0,11.0,40.0,4.0,0.0,18.08
Cam Newton,12,18.0,28.0,64.0,306.0,11.0,2.0,0.0,125.0,14.0,52.0,4.0,2.0,37.44
Cam Newton,13,15.0,27.0,56.0,232.0,9.0,3.0,0.0,121.0,7.0,78.0,11.0,0.0,29.08
Cam Newton,14,23.0,35.0,66.0,287.0,8.0,2.0,0.0,110.0,9.0,116.0,13.0,1.0,37.08
Cam Newton,15,19.0,33.0,58.0,231.0,7.0,2.0,0.0,99.0,4.0,7.0,2.0,0.0,17.94
Cam Newton,16,18.0,29.0,62.0,170.0,6.0,1.0,1.0,75.0,12.0,60.0,5.0,1.0,20.8
Cam Newton,17,16.0,33.0,49.0,248.0,8.0,0.0,1.0,61.0,7.0,34.0,5.0,0.0,11.32
Carson Palmer,1,0.0,0.0,0.0,0.0,0.0,0.0,0.0,0.0,0.0,0.0,0.0,0.0,0.0
Carson Palmer,2,0.0,0.0,0.0,0.0,0.0,0.0,0.0,0.0,0.0,0.0,0.0,0.0,0.0
Carson Palmer,3,0.0,0.0,0.0,0.0,0.0,0.0,0.0,0.0,0.0,0.0,0.0,0.0,0.0
Carson Palmer,4,19.0,34.0,56.0,202.0,6.0,0.0,0.0,73.0,0.0,0.0,0.0,0.0,8.08
Carson Palmer,6,23.0,33.0,70.0,353.0,11.0,1.0,1.0,102.0,0.0,0.0,0.0,0.0,14.12
Carson Palmer,7,26.0,46.0,57.0,298.0,7.0,1.0,1.0,74.0,6.0,14.0,2.0,1.0,19.32
Carson Palmer,8,14.0,28.0,50.0,209.0,8.0,2.0,1.0,84.0,1.0,-1.0,-1.0,0.0,14.26
Carson Palmer,9,39.0,61.0,64.0,414.0,7.0,4.0,3.0,85.0,1.0,3.0,3.0,0.0,28.86
Carson Palmer,10,29.0,45.0,64.0,368.0,8.0,2.0,1.0,95.0,1.0,0.0,0.0,0.0,18.72
Carson Palmer,11,22.0,40.0,55.0,312.0,8.0,2.0,2.0,76.0,1.0,2.0,2.0,0.0,16.68
Carson Palmer,12,19.0,34.0,56.0,146.0,4.0,1.0,1.0,64.0,0.0,0.0,0.0,0.0,5.84
Carson Palmer,13,34.0,54.0,63.0,351.0,7.0,2.0,1.0,86.0,1.0,3.0,3.0,0.0,20.34
Carson Palmer,14,19.0,30.0,63.0,273.0,9.0,2.0,1.0,101.0,1.0,-1.0,-1.0,0.0,14.82
Carson Palmer,15,18.0,29.0,62.0,182.0,6.0,0.0,0.0,80.0,2.0,4.0,2.0,0.0,7.68
Carson Palmer,16,3.0,3.0,100.0,31.0,10.0,0.0,0.0,110.0,0.0,0.0,0.0,0.0,1.24
Chad Henne,2,0.0,0.0,0.0,0.0,0.0,0.0,0.0,0.0,0.0,0.0,0.0,0.0,0.0
Chad Henne,7,9.0,20.0,45.0,71.0,4.0,0.0,0.0,54.0,3.0,4.0,1.0,0.0,3.24
Chad Henne,10,10.0,16.0,63.0,121.0,8.0,1.0,1.0,80.0,0.0,0.0,0.0,0.0,6.84
Chad Henne,11,16.0,33.0,49.0,354.0,11.0,4.0,0.0,127.0,2.0,7.0,4.0,0.0,30.86
Chad Henne,12,17.0,26.0,65.0,261.0,10.0,2.0,1.0,108.0,2.0,0.0,0.0,0.0,16.44
Chad Henne,13,19.0,42.0,45.0,202.0,5.0,1.0,1.0,58.0,3.0,1.0,0.0,1.0,14.58
Chad Henne,14,21.0,43.0,49.0,185.0,4.0,0.0,2.0,41.0,1.0,1.0,1.0,0.0,3.5
Chad Henne,15,18.0,34.0,53.0,221.0,7.0,0.0,0.0,73.0,3.0,16.0,5.0,0.0,10.44
Chad Henne,16,29.0,51.0,57.0,348.0,7.0,1.0,3.0,60.0,2.0,22.0,11.0,0.0,14.12
Chad Henne,17,25.0,41.0,61.0,298.0,7.0,2.0,3.0,69.0,2.0,13.0,7.0,0.0,15.22
Charlie Batch,12,20.0,34.0,59.0,199.0,6.0,0.0,3.0,39.0,0.0,0.0,0.0,0.0,1.96
Charlie Batch,13,25.0,36.0,69.0,276.0,8.0,1.0,1.0,90.0,0.0,0.0,0.0,0.0,13.04
Chase Daniel,1,0.0,0.0,0.0,0.0,0.0,0.0,0.0,0.0,0.0,0.0,0.0,0.0,0.0
Chase Daniel,2,0.0,0.0,0.0,0.0,0.0,0.0,0.0,0.0,0.0,0.0,0.0,0.0,0.0
Chase Daniel,3,0.0,0.0,0.0,0.0,0.0,0.0,0.0,0.0,0.0,0.0,0.0,0.0,0.0
Chase Daniel,4,0.0,0.0,0.0,0.0,0.0,0.0,0.0,0.0,0.0,0.0,0.0,0.0,0.0
Chase Daniel,5,0.0,0.0,0.0,0.0,0.0,0.0,0.0,0.0,0.0,0.0,0.0,0.0,0.0
Chase Daniel,7,0.0,0.0,0.0,0.0,0.0,0.0,0.0,0.0,0.0,0.0,0.0,0.0,0.0
Chase Daniel,8,0.0,0.0,0.0,0.0,0.0,0.0,0.0,0.0,0.0,0.0,0.0,0.0,0.0
Chase Daniel,9,0.0,0.0,0.0,0.0,0.0,0.0,0.0,0.0,0.0,0.0,0.0,0.0,0.0
Chase Daniel,10,0.0,0.0,0.0,0.0,0.0,0.0,0.0,0.0,0.0,0.0,0.0,0.0,0.0
Chase Daniel,11,1.0,1.0,100.0,10.0,10.0,0.0,0.0,108.0,3.0,17.0,6.0,0.0,2.1
Chase Daniel,12,0.0,0.0,0.0,0.0,0.0,0.0,0.0,0.0,0.0,0.0,0.0,0.0,0.0
Chase Daniel,13,0.0,0.0,0.0,0.0,0.0,0.0,0.0,0.0,0.0,0.0,0.0,0.0,0.0
Chase Daniel,14,0.0,0.0,0.0,0.0,0.0,0.0,0.0,0.0,0.0,0.0,0.0,0.0,0.0
Chase Daniel,15,0.0,0.0,0.0,0.0,0.0,0.0,0.0,0.0,0.0,0.0,0.0,0.0,0.0
Chase Daniel,16,0.0,0.0,0.0,0.0,0.0,0.0,0.0,0.0,0.0,0.0,0.0,0.0,0.0
Chase Daniel,17,0.0,0.0,0.0,0.0,0.0,0.0,0.0,0.0,0.0,0.0,0.0,0.0,0.0
Christian Ponder,1,0.0,0.0,0.0,0.0,0.0,0.0,0.0,0.0,0.0,0.0,0.0,0.0,0.0
Christian Ponder,2,0.0,0.0,0.0,0.0,0.0,0.0,0.0,0.0,0.0,0.0,0.0,0.0,0.0
Christian Ponder,3,0.0,0.0,0.0,0.0,0.0,0.0,0.0,0.0,0.0,0.0,0.0,0.0,0.0
Christian Ponder,4,16.0,26.0,62.0,111.0,4.0,0.0,0.0,71.0,1.0,5.0,5.0,0.0,4.94
Christian Ponder,5,25.0,35.0,71.0,258.0,7.0,2.0,2.0,88.0,3.0,31.0,10.0,0.0,17.42
Christian Ponder,6,35.0,52.0,67.0,352.0,7.0,2.0,2.0,83.0,4.0,13.0,3.0,0.0,19.38
Christian Ponder,7,8.0,17.0,47.0,58.0,3.0,1.0,2.0,36.0,1.0,2.0,2.0,0.0,2.52
Christian Ponder,8,19.0,35.0,54.0,251.0,7.0,1.0,1.0,75.0,4.0,12.0,3.0,0.0,13.24
Christian Ponder,9,11.0,22.0,50.0,63.0,3.0,0.0,1.0,37.0,5.0,23.0,5.0,0.0,2.82
Christian Ponder,10,24.0,32.0,75.0,221.0,7.0,2.0,0.0,114.0,6.0,22.0,4.0,0.0,18.54
Christian Ponder,12,22.0,43.0,51.0,159.0,4.0,1.0,1.0,58.0,2.0,6.0,3.0,0.0,6.96
Christian Ponder,13,12.0,25.0,48.0,119.0,5.0,1.0,2.0,42.0,6.0,28.0,5.0,0.0,7.56
Christian Ponder,14,11.0,17.0,65.0,91.0,5.0,0.0,1.0,54.0,4.0,0.0,0.0,0.0,1.64
Christian Ponder,15,17.0,24.0,71.0,131.0,6.0,0.0,0.0,84.0,4.0,6.0,2.0,1.0,11.84
Christian Ponder,16,16.0,30.0,53.0,174.0,6.0,1.0,0.0,82.0,7.0,48.0,7.0,0.0,13.76
Christian Ponder,17,16.0,28.0,57.0,234.0,8.0,3.0,0.0,120.0,2.0,16.0,8.0,0.0,22.96
Colin Kaepernick,1,0.0,0.0,0.0,0.0,0.0,0.0,0.0,0.0,0.0,0.0,0.0,0.0,0.0
Colin Kaepernick,4,0.0,1.0,0.0,0.0,0.0,0.0,0.0,40.0,5.0,50.0,10.0,1.0,11.0
Colin Kaepernick,5,1.0,1.0,100.0,7.0,7.0,0.0,0.0,96.0,4.0,39.0,10.0,1.0,8.18
Colin Kaepernick,6,4.0,7.0,57.0,82.0,12.0,0.0,0.0,99.0,2.0,6.0,3.0,0.0,3.88
Colin Kaepernick,7,0.0,0.0,0.0,0.0,0.0,0.0,0.0,0.0,1.0,-1.0,-1.0,0.0,-0.1
Colin Kaepernick,10,11.0,17.0,65.0,117.0,7.0,0.0,0.0,85.0,8.0,66.0,8.0,1.0,17.28
Colin Kaepernick,11,16.0,23.0,70.0,243.0,11.0,2.0,0.0,133.0,4.0,10.0,3.0,0.0,18.72
Colin Kaepernick,12,16.0,25.0,64.0,231.0,9.0,1.0,1.0,91.0,6.0,27.0,5.0,1.0,19.94
Colin Kaepernick,13,21.0,32.0,66.0,208.0,7.0,0.0,0.0,84.0,9.0,84.0,9.0,0.0,14.72
Colin Kaepernick,14,18.0,23.0,78.0,185.0,8.0,0.0,0.0,100.0,6.0,53.0,9.0,1.0,18.7
Colin Kaepernick,15,14.0,25.0,56.0,221.0,9.0,4.0,1.0,109.0,7.0,28.0,4.0,0.0,25.64
Colin Kaepernick,16,19.0,36.0,53.0,244.0,7.0,1.0,1.0,72.0,7.0,31.0,4.0,0.0,14.86
Colin Kaepernick,17,16.0,28.0,57.0,276.0,10.0,2.0,0.0,115.0,3.0,5.0,2.0,0.0,19.54
Colt McCoy,12,0.0,0.0,0.0,0.0,0.0,0.0,0.0,0.0,0.0,0.0,0.0,0.0,0.0
Colt McCoy,14,0.0,0.0,0.0,0.0,0.0,0.0,0.0,0.0,2.0,-2.0,-1.0,0.0,-0.2
Colt McCoy,16,9.0,17.0,53.0,79.0,5.0,1.0,0.0,85.0,2.0,17.0,9.0,0.0,8.86
Dan Orlovsky,15,4.0,7.0,57.0,51.0,7.0,0.0,0.0,80.0,0.0,0.0,0.0,0.0,2.04
David Carr,3,0.0,0.0,0.0,0.0,0.0,0.0,0.0,0.0,0.0,0.0,0.0,0.0,0.0
David Carr,17,1.0,1.0,100.0,15.0,15.0,0.0,0.0,119.0,3.0,-3.0,-1.0,0.0,0.3
Derek Anderson,3,0.0,0.0,0.0,0.0,0.0,0.0,0.0,0.0,0.0,0.0,0.0,0.0,0.0
Derek Anderson,17,1.0,1.0,100.0,12.0,12.0,0.0,0.0,117.0,0.0,0.0,0.0,0.0,0.48
Drew Brees,1,0.0,0.0,0.0,0.0,0.0,0.0,0.0,0.0,0.0,0.0,0.0,0.0,0.0
Drew Brees,2,0.0,0.0,0.0,0.0,0.0,0.0,0.0,0.0,0.0,0.0,0.0,0.0,0.0
Drew Brees,3,0.0,0.0,0.0,0.0,0.0,0.0,0.0,0.0,0.0,0.0,0.0,0.0,0.0
Drew Brees,4,35.0,54.0,65.0,446.0,8.0,3.0,0.0,109.0,0.0,0.0,0.0,0.0,29.84
Drew Brees,5,29.0,45.0,64.0,370.0,8.0,4.0,1.0,110.0,2.0,-2.0,-1.0,0.0,28.6
Drew Brees,7,27.0,37.0,73.0,377.0,10.0,4.0,1.0,130.0,1.0,1.0,1.0,0.0,29.18
Drew Brees,8,22.0,42.0,52.0,213.0,5.0,2.0,1.0,73.0,2.0,2.0,1.0,0.0,14.72
Drew Brees,9,21.0,27.0,78.0,239.0,9.0,2.0,0.0,128.0,1.0,-1.0,-1.0,0.0,15.46
Drew Brees,10,21.0,32.0,66.0,298.0,9.0,3.0,1.0,114.0,1.0,-1.0,-1.0,0.0,21.82
Drew Brees,11,20.0,27.0,74.0,219.0,8.0,3.0,0.0,135.0,0.0,0.0,0.0,0.0,20.76
Drew Brees,12,26.0,41.0,63.0,267.0,7.0,3.0,2.0,86.0,2.0,-2.0,-1.0,0.0,18.48
Drew Brees,13,28.0,50.0,56.0,341.0,7.0,0.0,5.0,38.0,0.0,0.0,0.0,0.0,3.64
Drew Brees,14,26.0,43.0,61.0,354.0,8.0,1.0,2.0,75.0,1.0,-1.0,-1.0,0.0,14.06
Drew Brees,15,26.0,39.0,67.0,307.0,8.0,4.0,0.0,125.0,1.0,11.0,11.0,0.0,29.38
Drew Brees,16,37.0,53.0,70.0,446.0,8.0,3.0,0.0,114.0,1.0,-1.0,-1.0,0.0,29.74
Drew Brees,17,29.0,43.0,67.0,396.0,9.0,4.0,1.0,118.0,0.0,0.0,0.0,0.0,29.84
Eli Manning,1,0.0,0.0,0.0,0.0,0.0,0.0,0.0,0.0,0.0,0.0,0.0,0.0,0.0
Eli Manning,2,0.0,0.0,0.0,0.0,0.0,0.0,0.0,0.0,0.0,0.0,0.0,0.0,0.0
Eli Manning,3,0.0,0.0,0.0,0.0,0.0,0.0,0.0,0.0,0.0,0.0,0.0,0.0,0.0
Eli Manning,4,24.0,42.0,57.0,309.0,7.0,2.0,1.0,86.0,0.0,0.0,0.0,0.0,18.36
Eli Manning,5,25.0,37.0,68.0,259.0,7.0,3.0,1.0,103.0,2.0,-1.0,-1.0,0.0,20.26
Eli Manning,6,15.0,28.0,54.0,193.0,7.0,1.0,0.0,87.0,3.0,-2.0,-1.0,0.0,11.52
Eli Manning,7,26.0,40.0,65.0,337.0,8.0,1.0,2.0,79.0,2.0,4.0,2.0,0.0,13.88
Eli Manning,8,15.0,29.0,52.0,192.0,7.0,0.0,1.0,58.0,1.0,3.0,3.0,0.0,5.98
Eli Manning,9,10.0,24.0,42.0,125.0,5.0,0.0,1.0,41.0,0.0,0.0,0.0,0.0,3.0
Eli Manning,10,29.0,46.0,63.0,215.0,5.0,0.0,2.0,56.0,1.0,1.0,1.0,0.0,2.7
Eli Manning,12,16.0,30.0,53.0,249.0,8.0,3.0,0.0,114.0,2.0,12.0,6.0,0.0,23.16
Eli Manning,13,20.0,33.0,61.0,280.0,9.0,1.0,0.0,98.0,1.0,5.0,5.0,0.0,15.7
Eli Manning,14,22.0,35.0,63.0,259.0,7.0,4.0,2.0,100.0,2.0,-3.0,-2.0,0.0,22.06
Eli Manning,15,13.0,25.0,52.0,161.0,6.0,0.0,2.0,39.0,0.0,0.0,0.0,0.0,2.44
Eli Manning,16,14.0,28.0,50.0,150.0,5.0,1.0,0.0,78.0,1.0,8.0,8.0,0.0,10.8
Eli Manning,17,13.0,21.0,62.0,208.0,10.0,5.0,0.0,135.0,0.0,0.0,0.0,0.0,28.32
Graham Harrell,4,0.0,0.0,0.0,0.0,0.0,0.0,0.0,0.0,1.0,0.0,0.0,0.0,-2.0
Graham Harrell,6,0.0,0.0,0.0,0.0,0.0,0.0,0.0,0.0,0.0,0.0,0.0,0.0,0.0
Graham Harrell,12,1.0,2.0,50.0,11.0,6.0,0.0,0.0,67.0,0.0,0.0,0.0,0.0,0.44
Graham Harrell,16,1.0,2.0,50.0,9.0,5.0,0.0,0.0,63.0,3.0,-3.0,-1.0,0.0,0.06
Greg McElroy,13,5.0,7.0,71.0,29.0,4.0,1.0,0.0,118.0,4.0,5.0,1.0,0.0,5.66
Greg McElroy,16,14.0,24.0,58.0,185.0,8.0,0.0,1.0,65.0,4.0,25.0,6.0,0.0,5.9
Jake Locker,1,0.0,0.0,0.0,0.0,0.0,0.0,0.0,0.0,0.0,0.0,0.0,0.0,0.0
Jake Locker,2,0.0,0.0,0.0,0.0,0.0,0.0,0.0,0.0,0.0,0.0,0.0,0.0,0.0
Jake Locker,3,0.0,0.0,0.0,0.0,0.0,0.0,0.0,0.0,0.0,0.0,0.0,0.0,0.0
Jake Locker,4,0.0,2.0,0.0,0.0,0.0,0.0,0.0,40.0,0.0,0.0,0.0,0.0,0.0
Jake Locker,10,9.0,21.0,43.0,122.0,6.0,2.0,0.0,94.0,4.0,36.0,9.0,0.0,16.48
Jake Locker,12,23.0,40.0,58.0,261.0,7.0,1.0,2.0,65.0,5.0,21.0,4.0,0.0,12.54
Jake Locker,13,21.0,45.0,47.0,309.0,7.0,1.0,3.0,49.0,4.0,38.0,10.0,0.0,10.16
Jake Locker,14,22.0,35.0,63.0,262.0,8.0,1.0,2.0,71.0,4.0,51.0,13.0,0.0,15.58
Jake Locker,15,13.0,22.0,59.0,149.0,7.0,0.0,0.0,80.0,7.0,43.0,6.0,1.0,16.26
Jake Locker,16,13.0,30.0,43.0,140.0,5.0,1.0,2.0,41.0,4.0,32.0,8.0,0.0,8.8
Jake Locker,17,9.0,15.0,60.0,152.0,10.0,0.0,0.0,94.0,5.0,3.0,1.0,0.0,6.38
Jason Campbell,5,0.0,0.0,0.0,0.0,0.0,0.0,0.0,0.0,0.0,0.0,0.0,0.0,0.0
Jason Campbell,7,1.0,1.0,100.0,0.0,0.0,0.0,0.0,79.0,1.0,5.0,5.0,0.0,0.5
Jason Campbell,9,0.0,0.0,0.0,0.0,0.0,0.0,0.0,0.0,3.0,-3.0,-1.0,0.0,-0.3
Jason Campbell,10,11.0,19.0,58.0,94.0,5.0,0.0,0.0,71.0,1.0,5.0,5.0,0.0,4.26
Jason Campbell,11,14.0,22.0,64.0,107.0,5.0,1.0,2.0,53.0,1.0,13.0,13.0,0.0,5.58
Jason Campbell,14,6.0,9.0,67.0,64.0,7.0,1.0,0.0,124.0,1.0,8.0,8.0,0.0,7.36
Jay Cutler,1,0.0,0.0,0.0,0.0,0.0,0.0,0.0,0.0,0.0,0.0,0.0,0.0,0.0
Jay Cutler,2,0.0,0.0,0.0,0.0,0.0,0.0,0.0,0.0,0.0,0.0,0.0,0.0,0.0
Jay Cutler,3,0.0,0.0,0.0,0.0,0.0,0.0,0.0,0.0,0.0,0.0,0.0,0.0,0.0
Jay Cutler,4,18.0,24.0,75.0,275.0,12.0,2.0,0.0,140.0,3.0,0.0,0.0,0.0,17.0
Jay Cutler,5,23.0,39.0,59.0,292.0,8.0,2.0,1.0,89.0,2.0,22.0,11.0,0.0,19.88
Jay Cutler,7,16.0,31.0,52.0,150.0,5.0,1.0,0.0,76.0,3.0,34.0,11.0,0.0,13.4
Jay Cutler,8,19.0,28.0,68.0,186.0,7.0,1.0,1.0,83.0,1.0,4.0,4.0,0.0,5.84
Jay Cutler,9,19.0,26.0,73.0,229.0,9.0,3.0,0.0,138.0,1.0,12.0,12.0,0.0,20.36
Jay Cutler,10,7.0,14.0,50.0,40.0,3.0,0.0,2.0,17.0,3.0,37.0,12.0,0.0,1.3
Jay Cutler,12,23.0,31.0,74.0,188.0,6.0,1.0,1.0,86.0,3.0,9.0,3.0,0.0,10.42
Jay Cutler,13,17.0,26.0,65.0,233.0,9.0,2.0,0.0,120.0,5.0,27.0,5.0,0.0,20.02
Jay Cutler,14,22.0,44.0,50.0,260.0,6.0,1.0,2.0,57.0,2.0,16.0,8.0,0.0,12.0
Jay Cutler,15,12.0,21.0,57.0,135.0,6.0,1.0,1.0,73.0,1.0,9.0,9.0,0.0,8.3
Jay Cutler,16,12.0,26.0,46.0,146.0,6.0,1.0,0.0,77.0,3.0,8.0,3.0,0.0,10.64
Jay Cutler,17,18.0,31.0,58.0,257.0,8.0,1.0,0.0,96.0,5.0,29.0,6.0,0.0,17.18
Joe Flacco,1,0.0,0.0,0.0,0.0,0.0,0.0,0.0,0.0,0.0,0.0,0.0,0.0,0.0
Joe Flacco,2,0.0,0.0,0.0,0.0,0.0,0.0,0.0,0.0,0.0,0.0,0.0,0.0,0.0
Joe Flacco,3,0.0,0.0,0.0,0.0,0.0,0.0,0.0,0.0,0.0,0.0,0.0,0.0,0.0
Joe Flacco,4,28.0,46.0,61.0,356.0,8.0,1.0,1.0,83.0,2.0,4.0,2.0,1.0,22.64
Joe Flacco,5,13.0,27.0,48.0,187.0,7.0,0.0,1.0,56.0,3.0,14.0,5.0,0.0,6.88
Joe Flacco,6,17.0,26.0,65.0,234.0,9.0,1.0,0.0,107.0,2.0,2.0,1.0,0.0,13.56
Joe Flacco,7,21.0,43.0,49.0,147.0,3.0,1.0,2.0,45.0,2.0,7.0,4.0,0.0,6.58
Joe Flacco,9,15.0,24.0,63.0,153.0,6.0,1.0,0.0,95.0,2.0,1.0,1.0,0.0,12.22
Joe Flacco,10,21.0,33.0,64.0,341.0,10.0,3.0,1.0,116.0,1.0,1.0,1.0,1.0,29.74
Joe Flacco,11,20.0,32.0,63.0,164.0,5.0,0.0,0.0,76.0,1.0,-1.0,-1.0,0.0,6.46
Joe Flacco,12,30.0,51.0,59.0,355.0,7.0,1.0,0.0,87.0,4.0,-4.0,-1.0,0.0,17.8
Joe Flacco,13,16.0,34.0,47.0,188.0,6.0,1.0,1.0,62.0,1.0,-1.0,-1.0,0.0,7.42
Joe Flacco,14,16.0,21.0,76.0,182.0,9.0,3.0,1.0,121.0,5.0,9.0,2.0,0.0,16.18
Joe Flacco,15,20.0,40.0,50.0,254.0,6.0,2.0,1.0,76.0,2.0,-2.0,-1.0,0.0,13.96
Joe Flacco,16,25.0,36.0,69.0,309.0,9.0,2.0,0.0,114.0,3.0,-10.0,-3.0,1.0,25.36
Joe Flacco,17,4.0,8.0,50.0,34.0,4.0,0.0,0.0,61.0,0.0,0.0,0.0,0.0,1.36
Joe Webb,5,0.0,0.0,0.0,0.0,0.0,0.0,0.0,0.0,1.0,-1.0,-1.0,0.0,-0.1
John Skelton,1,0.0,0.0,0.0,0.0,0.0,0.0,0.0,0.0,0.0,0.0,0.0,0.0,0.0
John Skelton,6,2.0,10.0,20.0,45.0,5.0,0.0,1.0,6.0,0.0,0.0,0.0,0.0,-0.2
John Skelton,7,25.0,36.0,69.0,262.0,7.0,1.0,1.0,88.0,0.0,0.0,0.0,0.0,10.48
John Skelton,8,32.0,52.0,62.0,290.0,6.0,0.0,1.0,69.0,1.0,1.0,1.0,0.0,9.7
John Skelton,9,23.0,46.0,50.0,306.0,7.0,1.0,1.0,70.0,0.0,0.0,0.0,0.0,14.24
John Skelton,11,2.0,7.0,29.0,6.0,1.0,0.0,0.0,40.0,0.0,0.0,0.0,0.0,0.24
John Skelton,14,11.0,22.0,50.0,74.0,3.0,0.0,4.0,18.0,2.0,2.0,1.0,0.0,-6.84
Josh Freeman,1,0.0,0.0,0.0,0.0,0.0,0.0,0.0,0.0,0.0,0.0,0.0,0.0,0.0
Josh Freeman,2,0.0,0.0,0.0,0.0,0.0,0.0,0.0,0.0,0.0,0.0,0.0,0.0,0.0
Josh Freeman,3,0.0,0.0,0.0,0.0,0.0,0.0,0.0,0.0,0.0,0.0,0.0,0.0,0.0
Josh Freeman,4,24.0,39.0,62.0,299.0,8.0,1.0,1.0,83.0,2.0,8.0,4.0,0.0,14.76
Josh Freeman,6,15.0,26.0,58.0,328.0,13.0,3.0,1.0,125.0,3.0,5.0,2.0,0.0,23.62
Josh Freeman,7,24.0,42.0,57.0,420.0,10.0,3.0,0.0,115.0,1.0,13.0,13.0,0.0,30.1
Josh Freeman,8,19.0,36.0,53.0,262.0,7.0,3.0,0.0,104.0,3.0,-1.0,0.0,0.0,22.38
Josh Freeman,9,18.0,30.0,60.0,247.0,8.0,2.0,0.0,109.0,5.0,22.0,4.0,0.0,18.08
Josh Freeman,10,14.0,20.0,70.0,210.0,11.0,2.0,0.0,138.0,1.0,4.0,4.0,0.0,16.8
Josh Freeman,11,25.0,46.0,54.0,248.0,5.0,3.0,2.0,73.0,5.0,27.0,5.0,0.0,22.62
Josh Freeman,12,19.0,30.0,63.0,256.0,9.0,0.0,0.0,90.0,0.0,0.0,0.0,0.0,10.24
Josh Freeman,13,18.0,39.0,46.0,242.0,6.0,2.0,1.0,73.0,2.0,7.0,4.0,0.0,16.38
Josh Freeman,14,14.0,34.0,41.0,189.0,6.0,2.0,0.0,79.0,2.0,13.0,7.0,0.0,16.86
Josh Freeman,15,26.0,47.0,55.0,279.0,6.0,0.0,4.0,37.0,2.0,8.0,4.0,0.0,1.96
Josh Freeman,16,30.0,54.0,56.0,372.0,7.0,1.0,4.0,52.0,4.0,18.0,5.0,0.0,12.68
Josh Freeman,17,19.0,35.0,54.0,222.0,6.0,1.0,1.0,71.0,1.0,1.0,1.0,0.0,10.98
Josh Johnson,17,0.0,0.0,0.0,0.0,0.0,0.0,0.0,0.0,0.0,0.0,0.0,0.0,-2.0
Kellen Clemens,8,1.0,2.0,50.0,39.0,20.0,0.0,1.0,56.0,2.0,5.0,3.0,0.0,0.06
Kellen Clemens,12,0.0,1.0,0.0,0.0,0.0,0.0,0.0,40.0,0.0,0.0,0.0,0.0,0.0
Kevin Kolb,1,0.0,0.0,0.0,0.0,0.0,0.0,0.0,0.0,0.0,0.0,0.0,0.0,0.0
Kevin Kolb,2,0.0,0.0,0.0,0.0,0.0,0.0,0.0,0.0,0.0,0.0,0.0,0.0,0.0
Kevin Kolb,3,0.0,0.0,0.0,0.0,0.0,0.0,0.0,0.0,0.0,0.0,0.0,0.0,0.0
Kevin Kolb,4,29.0,48.0,60.0,324.0,7.0,3.0,2.0,84.0,0.0,0.0,0.0,0.0,20.96
Kevin Kolb,5,28.0,50.0,56.0,289.0,6.0,0.0,0.0,73.0,1.0,2.0,2.0,0.0,9.76
Kevin Kolb,6,14.0,26.0,54.0,128.0,5.0,1.0,1.0,64.0,5.0,66.0,13.0,0.0,13.72
Kirk Cousins,5,5.0,9.0,56.0,111.0,12.0,1.0,2.0,97.0,0.0,0.0,0.0,0.0,4.44
Kirk Cousins,14,2.0,2.0,100.0,26.0,13.0,1.0,0.0,158.0,0.0,0.0,0.0,0.0,7.04
Kirk Cousins,15,26.0,37.0,70.0,329.0,9.0,2.0,1.0,104.0,3.0,22.0,7.0,0.0,21.36
Kyle Orton,4,9.0,10.0,90.0,89.0,9.0,1.0,0.0,137.0,0.0,0.0,0.0,0.0,9.56
Luke McCown,3,0.0,0.0,0.0,0.0,0.0,0.0,0.0,0.0,0.0,0.0,0.0,0.0,0.0
Luke McCown,15,0.0,0.0,0.0,0.0,0.0,0.0,0.0,0.0,2.0,-3.0,-2.0,0.0,-0.3
Mark Sanchez,1,0.0,0.0,0.0,0.0,0.0,0.0,0.0,0.0,0.0,0.0,0.0,0.0,0.0
Mark Sanchez,2,0.0,0.0,0.0,0.0,0.0,0.0,0.0,0.0,0.0,0.0,0.0,0.0,0.0
Mark Sanchez,3,0.0,0.0,0.0,0.0,0.0,0.0,0.0,0.0,0.0,0.0,0.0,0.0,0.0
Mark Sanchez,4,13.0,29.0,45.0,103.0,4.0,0.0,1.0,40.0,0.0,0.0,0.0,0.0,0.12
Mark Sanchez,5,14.0,31.0,45.0,230.0,7.0,1.0,2.0,55.0,2.0,1.0,1.0,0.0,9.3
Mark Sanchez,6,11.0,18.0,61.0,82.0,5.0,2.0,0.0,109.0,1.0,-1.0,-1.0,0.0,11.18
Mark Sanchez,7,28.0,41.0,68.0,328.0,8.0,1.0,1.0,90.0,1.0,0.0,0.0,0.0,13.12
Mark Sanchez,8,28.0,54.0,52.0,283.0,5.0,1.0,1.0,66.0,1.0,6.0,6.0,0.0,11.92
Mark Sanchez,10,9.0,22.0,41.0,124.0,6.0,0.0,1.0,41.0,0.0,0.0,0.0,0.0,0.96
Mark Sanchez,11,15.0,20.0,75.0,178.0,9.0,1.0,0.0,118.0,4.0,-2.0,-1.0,0.0,10.92
Mark Sanchez,12,26.0,36.0,72.0,301.0,8.0,1.0,1.0,95.0,2.0,2.0,1.0,0.0,12.24
Mark Sanchez,13,10.0,21.0,48.0,97.0,5.0,0.0,3.0,21.0,1.0,2.0,2.0,0.0,-1.92
Mark Sanchez,14,12.0,19.0,63.0,111.0,6.0,0.0,0.0,79.0,3.0,11.0,4.0,0.0,3.54
Mark Sanchez,15,13.0,28.0,46.0,131.0,5.0,1.0,4.0,33.0,4.0,6.0,2.0,0.0,-0.16
Mark Sanchez,17,17.0,35.0,49.0,205.0,6.0,0.0,1.0,55.0,2.0,-1.0,-1.0,0.0,4.1
Matt Cassel,1,0.0,0.0,0.0,0.0,0.0,0.0,0.0,0.0,0.0,0.0,0.0,0.0,0.0
Matt Cassel,2,0.0,0.0,0.0,0.0,0.0,0.0,0.0,0.0,0.0,0.0,0.0,0.0,0.0
Matt Cassel,3,0.0,0.0,0.0,0.0,0.0,0.0,0.0,0.0,0.0,0.0,0.0,0.0,0.0
Matt Cassel,4,24.0,42.0,57.0,251.0,6.0,2.0,3.0,61.0,0.0,0.0,0.0,0.0,12.04
Matt Cassel,5,9.0,15.0,60.0,92.0,6.0,0.0,2.0,38.0,4.0,14.0,4.0,0.0,-2.92
Matt Cassel,8,20.0,30.0,67.0,218.0,7.0,1.0,1.0,85.0,7.0,35.0,5.0,0.0,12.22
Matt Cassel,9,19.0,29.0,66.0,181.0,6.0,0.0,1.0,68.0,6.0,37.0,6.0,0.0,6.94
Matt Cassel,10,11.0,26.0,42.0,154.0,6.0,0.0,1.0,46.0,2.0,12.0,6.0,0.0,5.36
Matt Cassel,11,8.0,16.0,50.0,93.0,6.0,0.0,0.0,68.0,1.0,0.0,0.0,0.0,3.72
Matt Flynn,14,5.0,9.0,56.0,68.0,8.0,0.0,0.0,80.0,1.0,-2.0,-2.0,0.0,2.52
Matt Flynn,15,0.0,0.0,0.0,0.0,0.0,0.0,0.0,0.0,0.0,0.0,0.0,0.0,0.0
Matt Hasselbeck,1,0.0,0.0,0.0,0.0,0.0,0.0,0.0,0.0,0.0,0.0,0.0,0.0,0.0
Matt Hasselbeck,4,17.0,25.0,68.0,193.0,8.0,2.0,2.0,84.0,2.0,3.0,2.0,0.0,10.02
Matt Hasselbeck,5,26.0,43.0,61.0,200.0,5.0,1.0,1.0,70.0,2.0,10.0,5.0,0.0,11.0
Matt Hasselbeck,6,25.0,44.0,57.0,290.0,7.0,1.0,1.0,75.0,1.0,2.0,2.0,0.0,13.8
Matt Hasselbeck,7,22.0,33.0,67.0,205.0,6.0,1.0,0.0,94.0,1.0,-2.0,-2.0,0.0,12.0
Matt Hasselbeck,8,22.0,29.0,76.0,236.0,8.0,1.0,0.0,111.0,2.0,10.0,5.0,0.0,14.44
Matt Hasselbeck,9,20.0,35.0,57.0,200.0,6.0,1.0,1.0,71.0,2.0,18.0,9.0,0.0,13.8
Matt Hasselbeck,10,0.0,1.0,0.0,0.0,0.0,0.0,0.0,40.0,3.0,-3.0,-1.0,0.0,-0.3
Matt Leinart,10,0.0,1.0,0.0,0.0,0.0,0.0,0.0,40.0,0.0,0.0,0.0,0.0,0.0
Matt Leinart,16,16.0,32.0,50.0,115.0,4.0,0.0,1.0,46.0,0.0,0.0,0.0,0.0,2.6
Matt Moore,8,11.0,19.0,58.0,131.0,7.0,1.0,0.0,97.0,4.0,-4.0,-1.0,0.0,8.84
Matt Moore,10,0.0,0.0,0.0,0.0,0.0,0.0,0.0,0.0,1.0,1.0,1.0,0.0,0.1
Matt Moore,14,0.0,0.0,0.0,0.0,0.0,0.0,0.0,0.0,0.0,0.0,0.0,0.0,0.0
Matt Moore,15,0.0,0.0,0.0,0.0,0.0,0.0,0.0,0.0,0.0,0.0,0.0,0.0,0.0
Matt Moore,16,0.0,0.0,0.0,0.0,0.0,0.0,0.0,0.0,0.0,0.0,0.0,0.0,0.0
Matt Moore,17,0.0,0.0,0.0,0.0,0.0,0.0,0.0,0.0,0.0,0.0,0.0,0.0,0.0
Matt Ryan,1,0.0,0.0,0.0,0.0,0.0,0.0,0.0,0.0,0.0,0.0,0.0,0.0,0.0
Matt Ryan,2,0.0,0.0,0.0,0.0,0.0,0.0,0.0,0.0,0.0,0.0,0.0,0.0,0.0
Matt Ryan,3,0.0,0.0,0.0,0.0,0.0,0.0,0.0,0.0,0.0,0.0,0.0,0.0,0.0
Matt Ryan,4,25.0,40.0,63.0,369.0,9.0,3.0,1.0,107.0,0.0,0.0,0.0,0.0,24.76
Matt Ryan,5,34.0,52.0,65.0,345.0,7.0,2.0,1.0,89.0,5.0,7.0,1.0,0.0,18.5
Matt Ryan,6,24.0,37.0,65.0,249.0,7.0,1.0,3.0,59.0,1.0,15.0,15.0,0.0,9.46
Matt Ryan,8,22.0,29.0,76.0,262.0,9.0,3.0,0.0,137.0,3.0,18.0,6.0,0.0,24.28
Matt Ryan,9,24.0,34.0,71.0,342.0,10.0,0.0,0.0,103.0,1.0,8.0,8.0,0.0,14.48
Matt Ryan,10,34.0,52.0,65.0,411.0,8.0,3.0,1.0,101.0,2.0,2.0,1.0,0.0,26.64
Matt Ryan,11,28.0,46.0,61.0,301.0,7.0,0.0,5.0,40.0,3.0,-3.0,-1.0,0.0,1.74
Matt Ryan,12,26.0,32.0,81.0,353.0,11.0,1.0,1.0,110.0,1.0,13.0,13.0,0.0,15.42
Matt Ryan,13,18.0,33.0,55.0,165.0,5.0,1.0,0.0,78.0,3.0,-2.0,-1.0,0.0,10.4
Matt Ryan,14,34.0,49.0,69.0,342.0,7.0,2.0,1.0,94.0,0.0,0.0,0.0,0.0,19.68
Matt Ryan,15,23.0,28.0,82.0,270.0,10.0,3.0,0.0,143.0,1.0,-1.0,-1.0,0.0,22.7
Matt Ryan,16,25.0,32.0,78.0,279.0,9.0,4.0,0.0,143.0,2.0,25.0,13.0,0.0,29.66
Matt Ryan,17,28.0,44.0,64.0,238.0,5.0,1.0,0.0,85.0,2.0,11.0,6.0,0.0,14.62
Matt Schaub,1,0.0,0.0,0.0,0.0,0.0,0.0,0.0,0.0,0.0,0.0,0.0,0.0,0.0
Matt Schaub,2,0.0,0.0,0.0,0.0,0.0,0.0,0.0,0.0,0.0,0.0,0.0,0.0,0.0
Matt Schaub,3,0.0,0.0,0.0,0.0,0.0,0.0,0.0,0.0,0.0,0.0,0.0,0.0,0.0
Matt Schaub,4,20.0,28.0,71.0,202.0,7.0,2.0,0.0,115.0,2.0,-2.0,-1.0,0.0,15.88
Matt Schaub,5,14.0,28.0,50.0,209.0,8.0,1.0,1.0,72.0,0.0,0.0,0.0,0.0,10.36
Matt Schaub,6,20.0,33.0,61.0,232.0,7.0,0.0,2.0,57.0,1.0,0.0,0.0,0.0,5.28
Matt Schaub,7,23.0,37.0,62.0,256.0,7.0,2.0,0.0,101.0,1.0,-2.0,-2.0,0.0,18.04
Matt Schaub,9,19.0,27.0,70.0,268.0,10.0,2.0,0.0,127.0,1.0,-1.0,-1.0,0.0,18.62
Matt Schaub,10,14.0,26.0,54.0,95.0,4.0,1.0,2.0,43.0,2.0,-2.0,-1.0,0.0,3.6
Matt Schaub,11,43.0,55.0,78.0,527.0,10.0,5.0,2.0,122.0,0.0,0.0,0.0,0.0,37.08
Matt Schaub,12,29.0,48.0,60.0,315.0,7.0,1.0,1.0,78.0,2.0,-1.0,-1.0,0.0,14.5
Matt Schaub,13,21.0,35.0,60.0,207.0,6.0,2.0,0.0,96.0,4.0,5.0,1.0,0.0,17.18
Matt Schaub,14,19.0,32.0,59.0,232.0,7.0,0.0,1.0,69.0,0.0,0.0,0.0,0.0,7.28
Matt Schaub,15,23.0,31.0,74.0,261.0,8.0,1.0,0.0,110.0,0.0,0.0,0.0,0.0,14.44
Matt Schaub,16,18.0,32.0,56.0,178.0,6.0,0.0,0.0,72.0,0.0,0.0,0.0,0.0,7.12
Matt Schaub,17,24.0,36.0,67.0,275.0,8.0,0.0,2.0,66.0,2.0,-1.0,-1.0,0.0,6.9
Matthew Stafford,1,0.0,0.0,0.0,0.0,0.0,0.0,0.0,0.0,0.0,0.0,0.0,0.0,0.0
Matthew Stafford,2,0.0,0.0,0.0,0.0,0.0,0.0,0.0,0.0,0.0,0.0,0.0,0.0,0.0
Matthew Stafford,3,0.0,0.0,0.0,0.0,0.0,0.0,0.0,0.0,0.0,0.0,0.0,0.0,0.0
Matthew Stafford,4,30.0,51.0,59.0,319.0,6.0,0.0,0.0,77.0,4.0,14.0,4.0,1.0,20.16
Matthew Stafford,6,22.0,45.0,49.0,311.0,7.0,1.0,1.0,70.0,3.0,7.0,2.0,1.0,21.14
Matthew Stafford,7,28.0,46.0,61.0,263.0,6.0,1.0,1.0,75.0,3.0,21.0,7.0,0.0,14.62
Matthew Stafford,8,34.0,49.0,69.0,352.0,7.0,3.0,1.0,102.0,4.0,12.0,3.0,1.0,31.28
Matthew Stafford,9,22.0,33.0,67.0,285.0,9.0,0.0,0.0,94.0,2.0,-2.0,-1.0,0.0,11.2
Matthew Stafford,10,28.0,42.0,67.0,329.0,8.0,3.0,1.0,104.0,3.0,13.0,4.0,0.0,24.46
Matthew Stafford,11,17.0,39.0,44.0,266.0,7.0,1.0,2.0,54.0,2.0,12.0,6.0,0.0,9.84
Matthew Stafford,12,31.0,61.0,51.0,441.0,7.0,2.0,0.0,85.0,2.0,7.0,4.0,0.0,26.34
Matthew Stafford,13,27.0,46.0,59.0,313.0,7.0,2.0,1.0,85.0,1.0,0.0,0.0,0.0,18.52
Matthew Stafford,14,27.0,45.0,60.0,264.0,6.0,1.0,1.0,75.0,3.0,9.0,3.0,1.0,17.46
Matthew Stafford,15,24.0,50.0,48.0,246.0,5.0,0.0,3.0,38.0,0.0,0.0,0.0,0.0,3.84
Matthew Stafford,16,37.0,56.0,66.0,443.0,8.0,0.0,1.0,83.0,1.0,2.0,2.0,0.0,15.92
Matthew Stafford,17,24.0,42.0,57.0,272.0,7.0,3.0,1.0,91.0,3.0,9.0,3.0,0.0,17.78
Michael Vick,1,0.0,0.0,0.0,0.0,0.0,0.0,0.0,0.0,0.0,0.0,0.0,0.0,0.0
Michael Vick,2,0.0,0.0,0.0,0.0,0.0,0.0,0.0,0.0,0.0,0.0,0.0,0.0,0.0
Michael Vick,3,0.0,0.0,0.0,0.0,0.0,0.0,0.0,0.0,0.0,0.0,0.0,0.0,0.0
Michael Vick,4,19.0,30.0,63.0,241.0,8.0,1.0,0.0,99.0,6.0,49.0,8.0,0.0,18.54
Michael Vick,5,20.0,30.0,67.0,175.0,6.0,2.0,0.0,104.0,5.0,16.0,3.0,0.0,12.6
Michael Vick,6,28.0,46.0,61.0,311.0,7.0,2.0,2.0,77.0,9.0,59.0,7.0,0.0,22.34
Michael Vick,8,21.0,35.0,60.0,191.0,6.0,1.0,0.0,84.0,7.0,42.0,6.0,0.0,15.84
Michael Vick,9,22.0,41.0,54.0,272.0,7.0,1.0,1.0,72.0,6.0,53.0,9.0,0.0,18.18
Michael Vick,10,6.0,9.0,67.0,70.0,8.0,1.0,0.0,127.0,3.0,7.0,2.0,0.0,7.5
Michael Vick,17,19.0,35.0,54.0,197.0,6.0,1.0,1.0,68.0,5.0,25.0,5.0,0.0,12.38
Nick Foles,10,22.0,32.0,69.0,219.0,7.0,1.0,1.0,85.0,0.0,0.0,0.0,0.0,8.76
Nick Foles,11,21.0,46.0,46.0,204.0,4.0,0.0,2.0,40.0,1.0,0.0,0.0,0.0,4.16
Nick Foles,12,16.0,21.0,76.0,119.0,6.0,0.0,0.0,89.0,1.0,0.0,0.0,0.0,4.76
Nick Foles,13,22.0,34.0,65.0,251.0,7.0,1.0,0.0,97.0,0.0,0.0,0.0,0.0,14.04
Nick Foles,14,32.0,51.0,63.0,381.0,8.0,2.0,0.0,99.0,3.0,27.0,9.0,1.0,31.94
Nick Foles,15,16.0,33.0,49.0,180.0,6.0,1.0,1.0,63.0,2.0,5.0,3.0,0.0,7.7
Nick Foles,16,32.0,48.0,67.0,345.0,7.0,1.0,1.0,86.0,4.0,10.0,3.0,0.0,14.8
Peyton Manning,1,0.0,0.0,0.0,0.0,0.0,0.0,0.0,0.0,0.0,0.0,0.0,0.0,0.0
Peyton Manning,2,0.0,0.0,0.0,0.0,0.0,0.0,0.0,0.0,0.0,0.0,0.0,0.0,0.0
Peyton Manning,3,0.0,0.0,0.0,0.0,0.0,0.0,0.0,0.0,0.0,0.0,0.0,0.0,0.0
Peyton Manning,4,30.0,38.0,79.0,338.0,9.0,3.0,0.0,130.0,1.0,-1.0,-1.0,0.0,25.42
Peyton Manning,5,31.0,44.0,71.0,337.0,8.0,3.0,0.0,115.0,2.0,9.0,5.0,0.0,24.38
Peyton Manning,6,24.0,30.0,80.0,309.0,10.0,3.0,1.0,129.0,3.0,-3.0,-1.0,0.0,22.06
Peyton Manning,8,22.0,30.0,73.0,305.0,10.0,3.0,0.0,139.0,1.0,4.0,4.0,0.0,24.6
Peyton Manning,9,27.0,35.0,77.0,291.0,8.0,3.0,2.0,106.0,2.0,-2.0,-1.0,0.0,19.44
Peyton Manning,10,27.0,38.0,71.0,301.0,8.0,1.0,0.0,103.0,3.0,4.0,1.0,0.0,14.44
Peyton Manning,11,25.0,42.0,60.0,270.0,6.0,3.0,1.0,92.0,0.0,0.0,0.0,0.0,20.8
Peyton Manning,12,22.0,37.0,60.0,285.0,8.0,2.0,1.0,90.0,1.0,1.0,1.0,0.0,17.5
Peyton Manning,13,27.0,38.0,71.0,242.0,6.0,3.0,1.0,103.0,2.0,-5.0,-3.0,0.0,19.18
Peyton Manning,14,26.0,36.0,72.0,310.0,9.0,1.0,1.0,96.0,3.0,-3.0,-1.0,0.0,14.1
Peyton Manning,15,17.0,28.0,61.0,204.0,7.0,1.0,0.0,95.0,0.0,0.0,0.0,0.0,12.16
Peyton Manning,16,30.0,43.0,70.0,339.0,8.0,3.0,1.0,107.0,0.0,0.0,0.0,0.0,23.56
Peyton Manning,17,23.0,29.0,79.0,304.0,11.0,3.0,0.0,145.0,0.0,0.0,0.0,0.0,24.16
Philip Rivers,1,0.0,0.0,0.0,0.0,0.0,0.0,0.0,0.0,0.0,0.0,0.0,0.0,0.0
Philip Rivers,2,0.0,0.0,0.0,0.0,0.0,0.0,0.0,0.0,0.0,0.0,0.0,0.0,0.0
Philip Rivers,3,0.0,0.0,0.0,0.0,0.0,0.0,0.0,0.0,0.0,0.0,0.0,0.0,0.0
Philip Rivers,4,18.0,23.0,78.0,209.0,9.0,2.0,1.0,115.0,3.0,0.0,0.0,0.0,14.36
Philip Rivers,5,27.0,42.0,64.0,354.0,8.0,2.0,1.0,97.0,0.0,0.0,0.0,0.0,18.16
Philip Rivers,6,25.0,41.0,61.0,241.0,6.0,2.0,4.0,54.0,0.0,0.0,0.0,0.0,5.64
Philip Rivers,8,18.0,34.0,53.0,154.0,5.0,0.0,0.0,65.0,0.0,0.0,0.0,0.0,6.16
Philip Rivers,9,18.0,20.0,90.0,220.0,11.0,2.0,1.0,125.0,2.0,-2.0,-1.0,0.0,14.6
Philip Rivers,10,29.0,37.0,78.0,337.0,9.0,3.0,2.0,109.0,2.0,5.0,3.0,0.0,21.98
Philip Rivers,11,24.0,40.0,60.0,258.0,6.0,2.0,2.0,75.0,0.0,0.0,0.0,0.0,12.32
Philip Rivers,12,23.0,36.0,64.0,228.0,6.0,1.0,0.0,91.0,0.0,0.0,0.0,0.0,13.12
Philip Rivers,13,26.0,48.0,54.0,280.0,6.0,0.0,1.0,63.0,2.0,20.0,10.0,0.0,9.2
Philip Rivers,14,21.0,41.0,51.0,200.0,5.0,3.0,0.0,89.0,3.0,3.0,1.0,0.0,20.3
Philip Rivers,15,16.0,23.0,70.0,121.0,5.0,1.0,0.0,96.0,3.0,4.0,1.0,0.0,5.24
Philip Rivers,16,11.0,22.0,50.0,165.0,8.0,2.0,0.0,105.0,5.0,4.0,1.0,0.0,15.0
Philip Rivers,17,13.0,17.0,77.0,151.0,9.0,2.0,0.0,142.0,3.0,-3.0,-1.0,0.0,13.74
Robert Griffin III,1,0.0,0.0,0.0,0.0,0.0,0.0,0.0,0.0,0.0,0.0,0.0,0.0,0.0
Robert Griffin III,2,0.0,0.0,0.0,0.0,0.0,0.0,0.0,0.0,0.0,0.0,0.0,0.0,0.0
Robert Griffin III,3,0.0,0.0,0.0,0.0,0.0,0.0,0.0,0.0,0.0,0.0,0.0,0.0,0.0
Robert Griffin III,4,26.0,35.0,74.0,323.0,9.0,0.0,0.0,102.0,8.0,36.0,5.0,1.0,22.52
Robert Griffin III,5,10.0,15.0,67.0,91.0,6.0,0.0,0.0,83.0,1.0,7.0,7.0,0.0,4.34
Robert Griffin III,6,17.0,22.0,77.0,182.0,8.0,1.0,1.0,97.0,13.0,138.0,11.0,2.0,35.08
Robert Griffin III,7,20.0,28.0,71.0,258.0,9.0,2.0,1.0,109.0,9.0,89.0,10.0,0.0,23.22
Robert Griffin III,8,16.0,34.0,47.0,177.0,5.0,1.0,0.0,73.0,6.0,8.0,1.0,0.0,11.88
Robert Griffin III,9,23.0,39.0,59.0,215.0,6.0,0.0,0.0,74.0,11.0,53.0,5.0,0.0,13.9
Robert Griffin III,11,14.0,15.0,93.0,200.0,13.0,4.0,0.0,158.0,12.0,84.0,7.0,0.0,32.4
Robert Griffin III,12,19.0,27.0,70.0,304.0,11.0,4.0,1.0,132.0,7.0,29.0,4.0,0.0,29.06
Robert Griffin III,13,13.0,21.0,62.0,163.0,8.0,1.0,0.0,102.0,5.0,72.0,14.0,0.0,17.72
Robert Griffin III,14,15.0,26.0,58.0,242.0,9.0,1.0,0.0,102.0,7.0,34.0,5.0,0.0,17.08
Robert Griffin III,16,16.0,24.0,67.0,198.0,8.0,2.0,1.0,102.0,2.0,4.0,2.0,0.0,14.32
Robert Griffin III,17,9.0,18.0,50.0,100.0,6.0,0.0,0.0,67.0,6.0,63.0,11.0,1.0,16.3
Russell Wilson,1,0.0,0.0,0.0,0.0,0.0,0.0,0.0,0.0,0.0,0.0,0.0,0.0,0.0
Russell Wilson,2,0.0,0.0,0.0,0.0,0.0,0.0,0.0,0.0,0.0,0.0,0.0,0.0,0.0
Russell Wilson,3,0.0,0.0,0.0,0.0,0.0,0.0,0.0,0.0,0.0,0.0,0.0,0.0,0.0
Russell Wilson,4,17.0,25.0,68.0,160.0,6.0,0.0,3.0,46.0,7.0,14.0,2.0,0.0,1.8
Russell Wilson,5,19.0,25.0,76.0,221.0,9.0,1.0,2.0,82.0,5.0,12.0,2.0,0.0,10.04
Russell Wilson,6,16.0,27.0,59.0,293.0,11.0,3.0,0.0,134.0,5.0,17.0,3.0,0.0,23.42
Russell Wilson,7,9.0,23.0,39.0,122.0,5.0,0.0,1.0,39.0,3.0,10.0,3.0,0.0,3.88
Russell Wilson,8,25.0,35.0,71.0,236.0,7.0,2.0,1.0,97.0,1.0,9.0,9.0,0.0,16.34
Russell Wilson,9,16.0,24.0,67.0,173.0,7.0,3.0,0.0,127.0,9.0,27.0,3.0,0.0,21.62
Russell Wilson,10,12.0,19.0,63.0,188.0,10.0,2.0,0.0,131.0,7.0,34.0,5.0,0.0,16.92
Russell Wilson,12,21.0,27.0,78.0,224.0,8.0,2.0,0.0,126.0,5.0,38.0,8.0,0.0,20.76
Russell Wilson,13,23.0,37.0,62.0,293.0,8.0,2.0,0.0,105.0,9.0,71.0,8.0,0.0,26.82
Russell Wilson,14,7.0,13.0,54.0,148.0,11.0,1.0,1.0,88.0,3.0,12.0,4.0,0.0,9.12
Russell Wilson,15,14.0,23.0,61.0,205.0,9.0,1.0,0.0,104.0,9.0,92.0,10.0,3.0,39.4
Russell Wilson,16,15.0,21.0,71.0,171.0,8.0,4.0,1.0,115.0,6.0,29.0,5.0,0.0,23.74
Russell Wilson,17,15.0,19.0,79.0,250.0,13.0,1.0,0.0,136.0,10.0,58.0,6.0,1.0,25.8
Rusty Smith,5,3.0,5.0,60.0,34.0,7.0,0.0,0.0,80.0,0.0,0.0,0.0,0.0,1.36
Ryan Fitzpatrick,1,0.0,0.0,0.0,0.0,0.0,0.0,0.0,0.0,0.0,0.0,0.0,0.0,0.0
Ryan Fitzpatrick,2,0.0,0.0,0.0,0.0,0.0,0.0,0.0,0.0,0.0,0.0,0.0,0.0,0.0
Ryan Fitzpatrick,3,0.0,0.0,0.0,0.0,0.0,0.0,0.0,0.0,0.0,0.0,0.0,0.0,0.0
Ryan Fitzpatrick,4,22.0,39.0,56.0,350.0,9.0,4.0,4.0,81.0,3.0,14.0,5.0,0.0,23.4
Ryan Fitzpatrick,5,16.0,26.0,62.0,126.0,5.0,0.0,1.0,58.0,2.0,1.0,1.0,0.0,3.14
Ryan Fitzpatrick,6,18.0,32.0,56.0,153.0,5.0,0.0,0.0,69.0,3.0,5.0,2.0,0.0,6.62
Ryan Fitzpatrick,7,27.0,35.0,77.0,225.0,6.0,3.0,1.0,110.0,2.0,23.0,12.0,0.0,19.3
Ryan Fitzpatrick,9,25.0,38.0,66.0,239.0,6.0,0.0,0.0,83.0,2.0,14.0,7.0,0.0,8.96
Ryan Fitzpatrick,10,27.0,40.0,68.0,337.0,8.0,2.0,1.0,100.0,3.0,12.0,4.0,0.0,18.68
Ryan Fitzpatrick,11,17.0,27.0,63.0,168.0,6.0,0.0,0.0,80.0,3.0,15.0,5.0,0.0,8.22
Ryan Fitzpatrick,12,17.0,33.0,52.0,180.0,6.0,1.0,1.0,65.0,3.0,12.0,4.0,0.0,10.4
Ryan Fitzpatrick,13,9.0,17.0,53.0,112.0,7.0,2.0,1.0,88.0,5.0,18.0,4.0,1.0,18.28
Ryan Fitzpatrick,14,25.0,33.0,76.0,247.0,8.0,1.0,1.0,94.0,3.0,5.0,2.0,0.0,12.38
Ryan Fitzpatrick,15,21.0,38.0,55.0,217.0,6.0,1.0,2.0,59.0,3.0,8.0,3.0,0.0,7.48
Ryan Fitzpatrick,16,20.0,35.0,57.0,240.0,7.0,1.0,1.0,76.0,4.0,18.0,5.0,0.0,11.4
Ryan Fitzpatrick,17,12.0,26.0,46.0,225.0,9.0,1.0,0.0,89.0,0.0,0.0,0.0,0.0,13.0
Ryan Lindley,11,9.0,20.0,45.0,64.0,3.0,0.0,0.0,53.0,0.0,0.0,0.0,0.0,0.56
Ryan Lindley,12,31.0,52.0,60.0,312.0,6.0,0.0,4.0,45.0,1.0,1.0,1.0,0.0,4.58
Ryan Lindley,13,10.0,31.0,32.0,72.0,2.0,0.0,1.0,28.0,0.0,0.0,0.0,0.0,0.88
Ryan Lindley,14,8.0,17.0,47.0,59.0,4.0,0.0,0.0,56.0,1.0,-2.0,-2.0,0.0,0.16
Ryan Lindley,15,14.0,21.0,67.0,104.0,5.0,0.0,1.0,58.0,2.0,8.0,4.0,0.0,2.96
Ryan Lindley,16,17.0,30.0,57.0,141.0,5.0,0.0,1.0,55.0,0.0,0.0,0.0,0.0,3.64
Ryan Mallett,8,1.0,3.0,33.0,17.0,6.0,0.0,0.0,53.0,3.0,-3.0,-1.0,0.0,0.38
Ryan Mallett,11,0.0,0.0,0.0,0.0,0.0,0.0,0.0,0.0,0.0,0.0,0.0,0.0,0.0
Ryan Mallett,12,0.0,0.0,0.0,0.0,0.0,0.0,0.0,0.0,2.0,-3.0,-2.0,0.0,-0.3
Ryan Mallett,14,0.0,1.0,0.0,0.0,0.0,0.0,1.0,0.0,3.0,-3.0,-1.0,0.0,-2.3
Ryan Tannehill,1,0.0,0.0,0.0,0.0,0.0,0.0,0.0,0.0,0.0,0.0,0.0,0.0,0.0
Ryan Tannehill,2,0.0,0.0,0.0,0.0,0.0,0.0,0.0,0.0,0.0,0.0,0.0,0.0,0.0
Ryan Tannehill,3,0.0,0.0,0.0,0.0,0.0,0.0,0.0,0.0,0.0,0.0,0.0,0.0,0.0
Ryan Tannehill,4,26.0,41.0,63.0,431.0,11.0,1.0,2.0,87.0,1.0,0.0,0.0,0.0,17.24
Ryan Tannehill,5,17.0,26.0,65.0,223.0,9.0,0.0,0.0,92.0,4.0,-4.0,-1.0,0.0,8.52
Ryan Tannehill,6,21.0,29.0,72.0,185.0,6.0,2.0,0.0,112.0,4.0,16.0,4.0,0.0,17.0
Ryan Tannehill,8,2.0,5.0,40.0,18.0,4.0,0.0,0.0,50.0,0.0,0.0,0.0,0.0,0.72
Ryan Tannehill,9,22.0,38.0,58.0,290.0,8.0,1.0,0.0,91.0,1.0,-1.0,-1.0,0.0,15.5
Ryan Tannehill,10,23.0,39.0,59.0,217.0,6.0,0.0,3.0,42.0,1.0,-1.0,-1.0,0.0,2.58
Ryan Tannehill,11,14.0,28.0,50.0,141.0,5.0,1.0,2.0,47.0,1.0,7.0,7.0,0.0,6.34
Ryan Tannehill,12,18.0,26.0,69.0,253.0,10.0,1.0,1.0,97.0,4.0,33.0,8.0,0.0,15.42
Ryan Tannehill,13,13.0,29.0,45.0,186.0,6.0,0.0,0.0,66.0,5.0,19.0,4.0,1.0,13.34
Ryan Tannehill,14,17.0,33.0,52.0,150.0,5.0,1.0,0.0,74.0,3.0,25.0,8.0,0.0,12.5
Ryan Tannehill,15,22.0,28.0,79.0,220.0,8.0,2.0,0.0,123.0,8.0,52.0,7.0,0.0,22.0
Ryan Tannehill,16,13.0,25.0,52.0,130.0,5.0,2.0,0.0,94.0,6.0,44.0,7.0,0.0,17.6
Ryan Tannehill,17,20.0,35.0,57.0,235.0,7.0,0.0,1.0,66.0,2.0,8.0,4.0,0.0,6.2
Sam Bradford,1,0.0,0.0,0.0,0.0,0.0,0.0,0.0,0.0,0.0,0.0,0.0,0.0,0.0
Sam Bradford,2,0.0,0.0,0.0,0.0,0.0,0.0,0.0,0.0,0.0,0.0,0.0,0.0,0.0
Sam Bradford,3,0.0,0.0,0.0,0.0,0.0,0.0,0.0,0.0,0.0,0.0,0.0,0.0,0.0
Sam Bradford,4,16.0,30.0,53.0,221.0,7.0,0.0,1.0,63.0,2.0,-2.0,-1.0,0.0,6.64
Sam Bradford,5,7.0,21.0,33.0,141.0,7.0,2.0,1.0,70.0,5.0,0.0,0.0,0.0,11.64
Sam Bradford,6,26.0,39.0,67.0,315.0,8.0,0.0,0.0,91.0,4.0,34.0,9.0,1.0,24.0
Sam Bradford,7,21.0,34.0,62.0,255.0,8.0,1.0,1.0,82.0,0.0,0.0,0.0,0.0,12.2
Sam Bradford,8,22.0,30.0,73.0,205.0,7.0,1.0,1.0,89.0,3.0,3.0,1.0,0.0,10.5
Sam Bradford,10,26.0,39.0,67.0,275.0,7.0,2.0,0.0,104.0,1.0,0.0,0.0,0.0,19.0
Sam Bradford,11,23.0,44.0,52.0,170.0,4.0,2.0,1.0,67.0,1.0,7.0,7.0,0.0,11.5
Sam Bradford,12,8.0,17.0,47.0,205.0,12.0,2.0,1.0,106.0,2.0,1.0,1.0,0.0,14.3
Sam Bradford,13,26.0,39.0,67.0,221.0,6.0,0.0,0.0,81.0,3.0,31.0,10.0,0.0,13.94
Sam Bradford,14,19.0,39.0,49.0,209.0,5.0,1.0,1.0,63.0,4.0,13.0,3.0,0.0,13.66
Sam Bradford,15,35.0,55.0,64.0,377.0,7.0,3.0,1.0,94.0,2.0,9.0,5.0,0.0,27.98
Sam Bradford,16,13.0,27.0,48.0,196.0,7.0,2.0,1.0,82.0,2.0,-1.0,-1.0,0.0,13.74
Sam Bradford,17,25.0,42.0,60.0,252.0,6.0,1.0,1.0,75.0,1.0,6.0,6.0,0.0,12.68
Shaun Hill,3,0.0,0.0,0.0,0.0,0.0,0.0,0.0,0.0,0.0,0.0,0.0,0.0,0.0
TJ Yates,3,0.0,0.0,0.0,0.0,0.0,0.0,0.0,0.0,0.0,0.0,0.0,0.0,0.0
TJ Yates,6,2.0,5.0,40.0,23.0,5.0,0.0,1.0,15.0,0.0,0.0,0.0,0.0,-1.08
TJ Yates,14,2.0,4.0,50.0,15.0,4.0,0.0,0.0,59.0,1.0,1.0,1.0,1.0,6.7
Thaddeus Lewis,17,22.0,32.0,69.0,204.0,6.0,1.0,1.0,83.0,1.0,3.0,3.0,0.0,10.46
Tim Tebow,1,0.0,0.0,0.0,0.0,0.0,0.0,0.0,0.0,0.0,0.0,0.0,0.0,0.0
Tim Tebow,2,0.0,0.0,0.0,0.0,0.0,0.0,0.0,0.0,0.0,0.0,0.0,0.0,0.0
Tim Tebow,3,0.0,0.0,0.0,0.0,0.0,0.0,0.0,0.0,0.0,0.0,0.0,0.0,0.0
Tim Tebow,4,1.0,1.0,100.0,9.0,9.0,0.0,0.0,104.0,2.0,0.0,0.0,0.0,0.36
Tim Tebow,5,0.0,1.0,0.0,0.0,0.0,0.0,0.0,40.0,5.0,19.0,4.0,0.0,1.9
Tim Tebow,6,1.0,1.0,100.0,23.0,23.0,0.0,0.0,119.0,4.0,7.0,2.0,0.0,1.62
Tim Tebow,7,0.0,0.0,0.0,0.0,0.0,0.0,0.0,0.0,4.0,12.0,3.0,0.0,1.2
Tim Tebow,8,0.0,0.0,0.0,0.0,0.0,0.0,0.0,0.0,1.0,2.0,2.0,0.0,0.2
Tim Tebow,10,3.0,3.0,100.0,8.0,3.0,0.0,0.0,79.0,4.0,14.0,4.0,0.0,1.72
Tim Tebow,11,1.0,1.0,100.0,-1.0,-1.0,0.0,0.0,79.0,2.0,-5.0,-3.0,0.0,-0.54
Tim Tebow,15,0.0,1.0,0.0,0.0,0.0,0.0,0.0,40.0,3.0,15.0,5.0,0.0,1.5
Tim Tebow,17,0.0,0.0,0.0,0.0,0.0,0.0,0.0,0.0,0.0,0.0,0.0,0.0,0.0
Tom Brady,1,0.0,0.0,0.0,0.0,0.0,0.0,0.0,0.0,0.0,0.0,0.0,0.0,0.0
Tom Brady,2,0.0,0.0,0.0,0.0,0.0,0.0,0.0,0.0,0.0,0.0,0.0,0.0,0.0
Tom Brady,3,0.0,0.0,0.0,0.0,0.0,0.0,0.0,0.0,0.0,0.0,0.0,0.0,0.0
Tom Brady,4,22.0,36.0,61.0,340.0,9.0,3.0,0.0,120.0,1.0,4.0,4.0,1.0,32.0
Tom Brady,5,23.0,31.0,74.0,223.0,7.0,1.0,0.0,105.0,4.0,-2.0,-1.0,1.0,18.72
Tom Brady,6,36.0,58.0,62.0,395.0,7.0,2.0,2.0,79.0,0.0,0.0,0.0,0.0,19.8
Tom Brady,7,26.0,42.0,62.0,259.0,6.0,2.0,0.0,95.0,0.0,0.0,0.0,0.0,18.36
Tom Brady,8,23.0,35.0,66.0,304.0,9.0,4.0,0.0,131.0,1.0,3.0,3.0,0.0,28.46
Tom Brady,10,23.0,38.0,61.0,237.0,6.0,2.0,0.0,96.0,1.0,-1.0,-1.0,0.0,17.38
Tom Brady,11,24.0,35.0,69.0,331.0,10.0,3.0,0.0,127.0,0.0,0.0,0.0,0.0,25.24
Tom Brady,12,18.0,27.0,67.0,323.0,12.0,3.0,0.0,145.0,3.0,5.0,2.0,1.0,31.42
Tom Brady,13,24.0,40.0,60.0,238.0,6.0,1.0,1.0,75.0,4.0,-1.0,0.0,0.0,11.42
Tom Brady,14,21.0,35.0,60.0,296.0,9.0,4.0,0.0,125.0,1.0,6.0,6.0,0.0,28.44
Tom Brady,15,36.0,65.0,55.0,443.0,7.0,1.0,2.0,69.0,3.0,11.0,4.0,1.0,24.82
Tom Brady,16,24.0,41.0,59.0,267.0,7.0,2.0,2.0,74.0,0.0,0.0,0.0,0.0,14.68
Tom Brady,17,22.0,36.0,61.0,284.0,8.0,2.0,0.0,104.0,0.0,0.0,0.0,0.0,19.36
Tony Romo,1,0.0,0.0,0.0,0.0,0.0,0.0,0.0,0.0,0.0,0.0,0.0,0.0,0.0
Tony Romo,2,0.0,0.0,0.0,0.0,0.0,0.0,0.0,0.0,0.0,0.0,0.0,0.0,0.0
Tony Romo,3,0.0,0.0,0.0,0.0,0.0,0.0,0.0,0.0,0.0,0.0,0.0,0.0,0.0
Tony Romo,4,31.0,43.0,72.0,307.0,7.0,1.0,5.0,60.0,1.0,0.0,0.0,0.0,6.28
Tony Romo,6,25.0,36.0,69.0,261.0,7.0,2.0,1.0,97.0,0.0,0.0,0.0,0.0,16.44
Tony Romo,7,24.0,34.0,71.0,227.0,7.0,1.0,0.0,99.0,3.0,11.0,4.0,0.0,14.18
Tony Romo,8,36.0,62.0,58.0,437.0,7.0,1.0,4.0,58.0,2.0,0.0,0.0,1.0,19.48
Tony Romo,9,25.0,35.0,71.0,321.0,9.0,1.0,0.0,109.0,0.0,0.0,0.0,0.0,16.84
Tony Romo,10,19.0,26.0,73.0,209.0,8.0,2.0,0.0,122.0,1.0,-1.0,-1.0,0.0,16.26
Tony Romo,11,35.0,50.0,70.0,313.0,6.0,1.0,0.0,93.0,2.0,10.0,5.0,0.0,15.52
Tony Romo,12,37.0,62.0,60.0,441.0,7.0,3.0,2.0,84.0,3.0,7.0,2.0,0.0,28.34
Tony Romo,13,22.0,27.0,82.0,303.0,11.0,3.0,0.0,150.0,3.0,14.0,5.0,0.0,25.52
Tony Romo,14,25.0,43.0,58.0,268.0,6.0,1.0,1.0,75.0,0.0,0.0,0.0,0.0,12.72
Tony Romo,15,30.0,42.0,71.0,341.0,8.0,2.0,0.0,111.0,4.0,-4.0,-1.0,0.0,21.24
Tony Romo,16,26.0,43.0,61.0,416.0,10.0,4.0,0.0,124.0,0.0,0.0,0.0,0.0,32.64
Tony Romo,17,20.0,37.0,54.0,218.0,6.0,2.0,3.0,56.0,0.0,0.0,0.0,0.0,12.72
Trent Edwards,17,2.0,2.0,100.0,14.0,7.0,0.0,0.0,96.0,0.0,0.0,0.0,0.0,0.56
Tyrod Taylor,1,0.0,0.0,0.0,0.0,0.0,0.0,0.0,0.0,0.0,0.0,0.0,0.0,0.0
Tyrod Taylor,4,0.0,0.0,0.0,0.0,0.0,0.0,0.0,0.0,0.0,0.0,0.0,0.0,0.0
Tyrod Taylor,5,0.0,0.0,0.0,0.0,0.0,0.0,0.0,0.0,0.0,0.0,0.0,0.0,0.0
Tyrod Taylor,9,0.0,0.0,0.0,0.0,0.0,0.0,0.0,0.0,1.0,4.0,4.0,0.0,0.4
Tyrod Taylor,10,0.0,1.0,0.0,0.0,0.0,0.0,0.0,40.0,0.0,0.0,0.0,0.0,0.0
Tyrod Taylor,17,15.0,25.0,60.0,149.0,6.0,0.0,1.0,60.0,9.0,65.0,7.0,1.0,16.46
